,mutation_type,count,percentage
0,Mismatch,1,3.48808817887e-05
1,Deletion,14241,0.496738637553
2,Compound,509,0.0177543688304
3,WT,13918,0.485472112735
